text,labels,UID,v20_l4_e9_preds,v20_l4_e9_probs
Ordinary lessons attended by students from different levels of ability.,PREP,Preposition_Replacing,G,"{'G': 5.171875, 'PREP': -2.078125, 'DET': -4.4921875, 'SVA': -2.603515625}"
You advertised for my perfect evening out.,PREP,Preposition_Unnecessary,G,"{'G': 3.46484375, 'PREP': 2.197265625, 'DET': -4.23828125, 'SVA': -4.49609375}"
"I felt like a fool, and all the audience felt like I did.",PREP,Preposition_Replacing,G,"{'G': 4.84375, 'PREP': -0.56201171875, 'DET': -5.0078125, 'SVA': -3.296875}"
"1. First of all, I was really furious of watching a show starring a different actor, instead of Danny Brook,",PREP,Preposition_Replacing,G,"{'G': 3.140625, 'PREP': 2.931640625, 'DET': -4.8515625, 'SVA': -4.140625}"
I hope that you will agree with this suggestion.,PREP,Preposition_Replacing,G,"{'G': 3.830078125, 'PREP': 1.8564453125, 'DET': -5.02734375, 'SVA': -4.06640625}"
"I particularly liked meeting people of different countries and some pop - stars, who were friendly towards us.",PREP,Preposition_Replacing,G,"{'G': 4.53125, 'PREP': 0.1912841796875, 'DET': -4.890625, 'SVA': -3.666015625}"
I would like to tell to everyone - don't be naive when you share your big secret or problem with someone.,PREP,Preposition_Unnecessary,G,"{'G': 3.57421875, 'PREP': 2.296875, 'DET': -4.953125, 'SVA': -4.1171875}"
"Maybe it was the wrong decision to tell her. She began to share that secret to everybody, including the teachers.",PREP,Preposition_Replacing,G,"{'G': 3.041015625, 'PREP': 3.0234375, 'DET': -4.7578125, 'SVA': -4.1484375}"
The sea is also polluted by oil and the chemical detergents which are used at the home.,PREP,Preposition_Replacing,G,"{'G': 4.8828125, 'PREP': -1.0634765625, 'DET': -4.71875, 'SVA': -3.072265625}"
First tell to your parents.,PREP,Preposition_Unnecessary,G,"{'G': 4.46875, 'PREP': -1.951171875, 'DET': -5.44140625, 'SVA': -0.7080078125}"
They needed one person for to put the clothes into a wardrobe.,PREP,Preposition_Unnecessary,G,"{'G': 5.08203125, 'PREP': -1.3994140625, 'DET': -4.8984375, 'SVA': -2.8203125}"
It will remind me some wonderful experiences.,PREP,Preposition_Missing,G,"{'G': 4.26953125, 'PREP': 0.517578125, 'DET': -4.09765625, 'SVA': -4.26953125}"
I was just walking down by the dressing room and the manager asked that if I could help them.,PREP,Preposition_Unnecessary,G,"{'G': 3.03125, 'PREP': 3.005859375, 'DET': -4.6484375, 'SVA': -4.1875}"
my name is John and I went in the latest International Arts Festival.,PREP,Preposition_Replacing,G,"{'G': 3.095703125, 'PREP': 2.94921875, 'DET': -4.74609375, 'SVA': -4.18359375}"
My second complaint is about some the concert halls which were too small.,PREP,Preposition_Missing,G,"{'G': 4.8203125, 'PREP': -0.82666015625, 'DET': -4.4375, 'SVA': -3.494140625}"
"After a week of holiday, when Pandora returned she learned that all of her friends knew about that.",PREP,Preposition_Replacing,G,"{'G': 4.39453125, 'PREP': 0.65087890625, 'DET': -5.12109375, 'SVA': -3.724609375}"
I'm writing this letter to you because I had a very disappointing evening to your theatre,PREP,Preposition_Replacing,G,"{'G': 3.4609375, 'PREP': 2.458984375, 'DET': -4.8828125, 'SVA': -4.16796875}"
So they both found the person they dreamed from.,PREP,Preposition_Replacing,G,"{'G': 3.1484375, 'PREP': 2.87890625, 'DET': -4.78125, 'SVA': -4.1328125}"
Nobody at the shop came with us to help.,PREP,Preposition_Replacing,G,"{'G': 4.06640625, 'PREP': 1.279296875, 'DET': -4.86328125, 'SVA': -3.98046875}"
Then Sara looked down the river.,PREP,Preposition_Replacing,G,"{'G': 5.16796875, 'PREP': -1.95703125, 'DET': -4.6015625, 'SVA': -2.646484375}"
I've been busy preparing English exams.,PREP,Preposition_Missing,G,"{'G': 4.44140625, 'PREP': 0.259033203125, 'DET': -4.25, 'SVA': -4.02734375}"
To my personal opinion one of the most important and useful things which has been invented is the car.,PREP,Preposition_Replacing,G,"{'G': 3.115234375, 'PREP': 2.904296875, 'DET': -4.63671875, 'SVA': -4.26171875}"
Are you fed up of looking after the screaming baby of your mother's friend?,PREP,Preposition_Replacing,G,"{'G': 4.76171875, 'PREP': -0.4013671875, 'DET': -5.07421875, 'SVA': -3.3203125}"
To our surprise the restaurant was closed because a lack of staff to keep it open.,PREP,Preposition_Missing,G,"{'G': 3.853515625, 'PREP': 1.83984375, 'DET': -4.96875, 'SVA': -4.1171875}"
I'm looking forward of receiving a letter from you.,PREP,Preposition_Replacing,G,"{'G': 3.568359375, 'PREP': 2.33203125, 'DET': -5.15234375, 'SVA': -3.998046875}"
"To finish this letter with, I would like to give you a good idea for next year.",PREP,Preposition_Unnecessary,G,"{'G': 3.109375, 'PREP': 2.9453125, 'DET': -4.796875, 'SVA': -4.1640625}"
Pat was the only person who had known it.,PREP,Preposition_Missing,G,"{'G': 4.90625, 'PREP': -1.0341796875, 'DET': -4.54296875, 'SVA': -3.310546875}"
"First, the actors that the Circle theatre publicised on their tickets for Over the Rainbow were not there, which was very disappointing because the actors starring the musical were one of its major attractions.",PREP,Preposition_Missing,G,"{'G': 3.15234375, 'PREP': 2.876953125, 'DET': -4.7578125, 'SVA': -4.19921875}"
"For men and women appearance is important and they spend a lot of money in buying clothes, cosmetics, accessories, jewellery etc.",PREP,Preposition_Unnecessary,G,"{'G': 3.275390625, 'PREP': 2.712890625, 'DET': -5.21484375, 'SVA': -3.873046875}"
"I was very disappointed because I was longing for to see them, as a fan.",PREP,Preposition_Unnecessary,G,"{'G': 4.71875, 'PREP': -0.30029296875, 'DET': -4.69921875, 'SVA': -3.615234375}"
The Korean restaurants appeared to be the most popular to foreigners.,PREP,Preposition_Replacing,G,"{'G': 5.1796875, 'PREP': -2.1328125, 'DET': -4.6796875, 'SVA': -2.412109375}"
In that moment I felt so nervous and terrified that I fainted.,PREP,Preposition_Replacing,G,"{'G': 3.107421875, 'PREP': 2.92578125, 'DET': -4.6171875, 'SVA': -4.28515625}"
Specially at sailing and swimming.,PREP,Preposition_Unnecessary,G,"{'G': 5.19921875, 'PREP': -1.9775390625, 'DET': -5.046875, 'SVA': -2.314453125}"
I have been swimming from I was five years of age and until 1993 I was a member of the school team.,PREP,Preposition_Replacing,G,"{'G': 3.443359375, 'PREP': 2.521484375, 'DET': -4.9765625, 'SVA': -4.125}"
Another point is to go a big area.,PREP,Preposition_Missing,G,"{'G': 5.1796875, 'PREP': -2.0078125, 'DET': -4.859375, 'SVA': -2.4296875}"
"Most of people think that character, person and clothes are of a piece.",PREP,Preposition_Unnecessary,G,"{'G': 5.04296875, 'PREP': -1.60546875, 'DET': -4.37890625, 'SVA': -3.0234375}"
"The fashion industry will deliver a wide variety of in styles, materials and colours.",PREP,Preposition_Unnecessary,G,"{'G': 4.76953125, 'PREP': -0.460693359375, 'DET': -4.609375, 'SVA': -3.57421875}"
"To begin, the organisation of your colleagues of the theatre was awful for various reasons.",PREP,Preposition_Replacing,G,"{'G': 4.765625, 'PREP': -0.344482421875, 'DET': -5.07421875, 'SVA': -3.349609375}"
You wanted to hear about my experience at the pop concert which I enjoyed helping last month?,PREP,Preposition_Missing,G,"{'G': 3.279296875, 'PREP': 2.72265625, 'DET': -4.86328125, 'SVA': -4.16015625}"
In my opinion the worst thing which may happen is an extremely long queue to the changing room.,PREP,Preposition_Replacing,G,"{'G': 3.49609375, 'PREP': 2.4296875, 'DET': -4.875, 'SVA': -4.203125}"
It sounds like a summer holiday at the coast of Italy.,PREP,Preposition_Replacing,G,"{'G': 3.328125, 'PREP': 2.541015625, 'DET': -5.49609375, 'SVA': -3.533203125}"
She had told to Pat though and that was extremely dangerous!,PREP,Preposition_Unnecessary,G,"{'G': 4.8203125, 'PREP': -0.60888671875, 'DET': -4.79296875, 'SVA': -3.427734375}"
"So, the next day Pat went and told to his sister Sally that her friends were organising a surprise party for her birthday.",PREP,Preposition_Unnecessary,G,"{'G': 3.265625, 'PREP': 2.76953125, 'DET': -4.9765625, 'SVA': -4.078125}"
In the last forty years people seem to have become completely addicted by using their car.,PREP,Preposition_Replacing,G,"{'G': 3.53515625, 'PREP': 2.275390625, 'DET': -5.18359375, 'SVA': -3.87109375}"
"And if this is a problem to me, imagine how bad a very fat woman (or man) would feel.",PREP,Preposition_Replacing,G,"{'G': 3.251953125, 'PREP': 2.75390625, 'DET': -4.84375, 'SVA': -4.1875}"
In fact queuing up in front of every ticket office is a waste time.,PREP,Preposition_Missing,G,"{'G': 4.08984375, 'PREP': 1.314453125, 'DET': -5.20703125, 'SVA': -3.837890625}"
"Firstly, I hoped to have a relaxing evening with your show but that didn't happen.",PREP,Preposition_Replacing,G,"{'G': 3.166015625, 'PREP': 2.880859375, 'DET': -4.88671875, 'SVA': -4.09765625}"
I know that I had to ask at my Mum or Dad about going out with my friend after school.,PREP,Preposition_Unnecessary,G,"{'G': 3.3046875, 'PREP': 2.70703125, 'DET': -4.93359375, 'SVA': -4.09765625}"
I hope to hear you soon,PREP,Preposition_Missing,G,"{'G': 3.26953125, 'PREP': 2.43359375, 'DET': -4.23046875, 'SVA': -4.3984375}"
Can you imagine you and your friends going a picnic to the Moon with a silvery skirt with astronaut boots with fire coming out at the bottom of your boots?,PREP,Preposition_Missing,G,"{'G': 3.953125, 'PREP': 1.60546875, 'DET': -5.13671875, 'SVA': -3.94140625}"
I also helped some special requests of the singer which weren't so difficult to arrange.,PREP,Preposition_Missing,G,"{'G': 5.19921875, 'PREP': -2.03515625, 'DET': -4.66015625, 'SVA': -2.568359375}"
"Peter and Sue asked to Francis for some help with their exam subjects and Francis, all week, was too busy to help them.",PREP,Preposition_Unnecessary,G,"{'G': 3.162109375, 'PREP': 2.865234375, 'DET': -4.671875, 'SVA': -4.25390625}"
We have discussed about it a lot of times.,PREP,Preposition_Unnecessary,G,"{'G': 4.0234375, 'PREP': 1.365234375, 'DET': -4.76953125, 'SVA': -4.1171875}"
"He has a best friend, who was more like a brother for him.",PREP,Preposition_Replacing,G,"{'G': 4.4140625, 'PREP': 0.5537109375, 'DET': -5.0546875, 'SVA': -3.70703125}"
"Peter and Sue asked Francis some help with their exam subjects and Francis, all week, was too busy to help them.",PREP,Preposition_Missing,G,"{'G': 3.376953125, 'PREP': 2.556640625, 'DET': -4.69140625, 'SVA': -4.28125}"
Photography is my hobby. I can remember that I used to take photographs on the exhibitions or during the holidays.,PREP,Preposition_Replacing,G,"{'G': 3.626953125, 'PREP': 2.203125, 'DET': -4.85546875, 'SVA': -4.20703125}"
You asked me for an interesting building to visit.,PREP,Preposition_Replacing,G,"{'G': 3.734375, 'PREP': 1.943359375, 'DET': -5.0234375, 'SVA': -4.05078125}"
I tried to take it on my stride but I couldn't.,PREP,Preposition_Replacing,G,"{'G': 3.1953125, 'PREP': 2.662109375, 'DET': -4.36328125, 'SVA': -4.37890625}"
"When we arrived home, Pat told to his mother what had happened.",PREP,Preposition_Unnecessary,G,"{'G': 3.927734375, 'PREP': 1.6494140625, 'DET': -5.2578125, 'SVA': -3.849609375}"
The hotel is just opposite to the City Hospital.,PREP,Preposition_Unnecessary,G,"{'G': 4.9765625, 'PREP': -1.0859375, 'DET': -5.09375, 'SVA': -2.90625}"
It affects us lots of ways.,PREP,Preposition_Missing,G,"{'G': 4.93359375, 'PREP': -1.9912109375, 'DET': -3.55859375, 'SVA': -3.05859375}"
In the early 90s it was in fashion women to wear only skirts.,PREP,Preposition_Missing,G,"{'G': 4.9453125, 'PREP': -1.69921875, 'DET': -5.66796875, 'SVA': -1.736328125}"
Pat was the only person who I told my secret but now it has become a joke! I promised to myself... I would have to kill her!,PREP,Preposition_Missing,G,"{'G': 3.66796875, 'PREP': 2.109375, 'DET': -4.93359375, 'SVA': -4.13671875}"
"Despite the fact she knew that Pat couldn't keep a secret, this time she was confident maybe she would be able to.",PREP,Preposition_Missing,G,"{'G': 3.05078125, 'PREP': 3.021484375, 'DET': -4.796875, 'SVA': -4.140625}"
"There was only one thing I didn't like with her : she would do anything to have friends, even betray me.",PREP,Preposition_Replacing,G,"{'G': 3.279296875, 'PREP': 2.63671875, 'DET': -4.55078125, 'SVA': -4.33203125}"
"Thinking about the media's treatment of famous people, I've realised of some things.",PREP,Preposition_Unnecessary,G,"{'G': 3.78515625, 'PREP': 1.9208984375, 'DET': -4.90625, 'SVA': -4.09765625}"
"Deep of herself, Alex knew they were lost in the middle of nowhere, but she didn't want to admit it.",PREP,Preposition_Replacing,G,"{'G': 4.8515625, 'PREP': -0.64013671875, 'DET': -4.9296875, 'SVA': -3.306640625}"
Her friend Pat had explained the whole story at her husband.,PREP,Preposition_Replacing,G,"{'G': 4.91796875, 'PREP': -0.75244140625, 'DET': -5.01953125, 'SVA': -3.232421875}"
It would be a fantastic opportunity to the students who study fashion.,PREP,Preposition_Replacing,G,"{'G': 5.03515625, 'PREP': -2.21484375, 'DET': -4.66015625, 'SVA': -2.078125}"
HE TOOK ME RIGHT IN THE FRONT OF MY HOUSE.,PREP,Preposition_Replacing,G,"{'G': 3.591796875, 'PREP': 0.168212890625, 'DET': -6.2890625, 'SVA': -0.93505859375}"
We said yes immediately. I nearly shouted of happiness when they told us that Luis Miguel was giving the concert. He is my favourite singer.,PREP,Preposition_Replacing,G,"{'G': 4.5390625, 'PREP': 0.2841796875, 'DET': -5.08203125, 'SVA': -3.6171875}"
In addition I think that some personal opinions about the school should be reported asking students and teachers.,PREP,Preposition_Missing,G,"{'G': 3.642578125, 'PREP': 2.1875, 'DET': -4.95703125, 'SVA': -4.12890625}"
The bus had left about fifteen minutes.,PREP,Preposition_Missing,G,"{'G': 5.10546875, 'PREP': -2.158203125, 'DET': -4.43359375, 'SVA': -2.46484375}"
Write me soon to tell me your thoughts about what happened to me.,PREP,Preposition_Missing,G,"{'G': 3.1953125, 'PREP': 2.55078125, 'DET': -4.05859375, 'SVA': -4.56640625}"
I would like to complain four things concerning your theatre.,PREP,Preposition_Missing,G,"{'G': 4.1484375, 'PREP': 0.089599609375, 'DET': -2.978515625, 'SVA': -4.4609375}"
I am writing to answer to the questions I have been asked in your previous letter.,PREP,Preposition_Unnecessary,G,"{'G': 3.12109375, 'PREP': 2.939453125, 'DET': -4.83984375, 'SVA': -4.125}"
"The dangerous man who we'd gone to buy drugs was upset with my brother and had decided to kill him, but I had killed him first.",PREP,Preposition_Missing,G,"{'G': 3.513671875, 'PREP': 2.390625, 'DET': -4.87109375, 'SVA': -4.1875}"
It aims at to improve our standard of life and allows us to live more comfortably.,PREP,Preposition_Unnecessary,G,"{'G': 3.197265625, 'PREP': 2.80078125, 'DET': -4.67578125, 'SVA': -4.2578125}"
"Taking everything account, the drawbacks far outweigh its benefits.",PREP,Preposition_Missing,G,"{'G': 5.08203125, 'PREP': -1.853515625, 'DET': -4.34765625, 'SVA': -2.833984375}"
On the advertisement it was written that Danny Brook would be there too.,PREP,Preposition_Replacing,G,"{'G': 3.052734375, 'PREP': 2.998046875, 'DET': -4.6328125, 'SVA': -4.23828125}"
"If I had the choice, I would never go shopping to the big supermarkets.",PREP,Preposition_Replacing,G,"{'G': 3.677734375, 'PREP': 2.162109375, 'DET': -5.05078125, 'SVA': -4.078125}"
Save some money to go for shopping in Paris or Roma and see how the French or Italian fashion looks on you! And after that you can visit the duty - free shops and buy some cheap souvenirs.,PREP,Preposition_Unnecessary,G,"{'G': 3.015625, 'PREP': 2.966796875, 'DET': -4.5390625, 'SVA': -4.25390625}"
"As the record says, our hockey team has been on the top of the league for three successive years.",PREP,Preposition_Replacing,G,"{'G': 3.318359375, 'PREP': 2.619140625, 'DET': -4.71875, 'SVA': -4.24609375}"
I have sent to you a photocopy of our tickets.,PREP,Preposition_Unnecessary,G,"{'G': 3.328125, 'PREP': 2.517578125, 'DET': -4.4140625, 'SVA': -4.39453125}"
"I can't wait to do my painting for the rising sun, and can't imagine how wonderful sailing along the rivers will be.",PREP,Preposition_Replacing,G,"{'G': 4.171875, 'PREP': 1.078125, 'DET': -4.94921875, 'SVA': -3.958984375}"
Here are the answers for your questions.,PREP,Preposition_Replacing,G,"{'G': 2.9765625, 'PREP': 2.705078125, 'DET': -4.578125, 'SVA': -3.89453125}"
I really liked.,PREP,Preposition_Missing,G,"{'G': 4.41796875, 'PREP': 0.434814453125, 'DET': -4.73046875, 'SVA': -3.865234375}"
In my opinion the hall of the rock concerts was too small. You have to consider booking a bigger one for next year because these kinds of events are attended by a lot of young people.,PREP,Preposition_Replacing,G,"{'G': 3.201171875, 'PREP': 2.85546875, 'DET': -4.85546875, 'SVA': -4.16015625}"
I would like to stay in a log cabin because I have had bad experiences about tents.,PREP,Preposition_Replacing,G,"{'G': 3.193359375, 'PREP': 2.8671875, 'DET': -4.8046875, 'SVA': -4.18359375}"
Looking forward for your answer.,PREP,Preposition_Replacing,G,"{'G': 3.798828125, 'PREP': 1.6259765625, 'DET': -4.828125, 'SVA': -3.953125}"
Also when I visited the theatre's restaurant I found it closed because of renovation.,PREP,Preposition_Replacing,G,"{'G': 3.822265625, 'PREP': 1.8642578125, 'DET': -5.01171875, 'SVA': -4.05859375}"
Even though we want to make things as comfortable as possible to our students.,PREP,Preposition_Replacing,G,"{'G': 3.466796875, 'PREP': 2.361328125, 'DET': -4.5859375, 'SVA': -4.33203125}"
I am very glad for to receive such a wonderful surprise as to learn that I have won first prize.,PREP,Preposition_Unnecessary,G,"{'G': 3.154296875, 'PREP': 2.900390625, 'DET': -4.79296875, 'SVA': -4.19140625}"
Home is an institution that creates humans and makes them as people and good members of their communities.,PREP,Preposition_Unnecessary,G,"{'G': 4.4296875, 'PREP': 0.493896484375, 'DET': -5.05078125, 'SVA': -3.640625}"
"To my mind, the class attending a lesson must be shown at first.",PREP,Preposition_Unnecessary,G,"{'G': 3.3203125, 'PREP': 2.671875, 'DET': -4.9140625, 'SVA': -4.1328125}"
When I completed a month to this job my executive told John to go to the office.,PREP,Preposition_Replacing,G,"{'G': 4.0625, 'PREP': 1.447265625, 'DET': -5.15625, 'SVA': -3.9140625}"
"It is an obligation to shop medicines, clothes for winter, doctor's visits, and so forth.",PREP,Preposition_Missing,G,"{'G': 3.248046875, 'PREP': 2.794921875, 'DET': -4.90234375, 'SVA': -4.1328125}"
"Lastly, I think that all these changes won't really be noticed as we change things daily and slowly instead abruptly.",PREP,Preposition_Missing,G,"{'G': 3.4453125, 'PREP': 2.466796875, 'DET': -4.83984375, 'SVA': -4.2109375}"
from.,PREP,Preposition_Unnecessary,G,"{'G': 5.07421875, 'PREP': -1.9658203125, 'DET': -5.26171875, 'SVA': -1.962890625}"
"Fans weren't allowed to take any sharp things with them, like knives or scissors.",PREP,Preposition_Missing,G,"{'G': 5.05859375, 'PREP': -1.435546875, 'DET': -4.64453125, 'SVA': -2.97265625}"
"When you are a man and your wife asks you to go for shopping, be patient!",PREP,Preposition_Unnecessary,G,"{'G': 4.0625, 'PREP': 1.3662109375, 'DET': -5.2421875, 'SVA': -3.796875}"
"Danny Brook didn't act at the performance, there was another, unknown, actor.",PREP,Preposition_Replacing,G,"{'G': 4.7109375, 'PREP': -0.2176513671875, 'DET': -4.9296875, 'SVA': -3.517578125}"
It would be a pleasure to us and to your husband to come at the party.,PREP,Preposition_Replacing,G,"{'G': 3.654296875, 'PREP': 2.06640625, 'DET': -4.51953125, 'SVA': -4.37109375}"
I was so disappointed with that.,PREP,Preposition_Replacing,G,"{'G': 4.44921875, 'PREP': 0.47119140625, 'DET': -4.83203125, 'SVA': -3.88671875}"
Brian was very embarrassed to ask Jane out in a date.,PREP,Preposition_Replacing,G,"{'G': 5.1796875, 'PREP': -1.8408203125, 'DET': -4.703125, 'SVA': -2.728515625}"
"Concerning your advertisement, we were pleased to learn that we can do some different activities in London, which include in sightseeing by bus, a River trip to Greenwich, visiting the Science Museum and National Art Gallery and so on.",PREP,Preposition_Unnecessary,G,"{'G': 3.55078125, 'PREP': 2.251953125, 'DET': -4.83984375, 'SVA': -4.15625}"
The solution could be in an alternative way of making shops like the Internet.,PREP,Preposition_Unnecessary,G,"{'G': 3.833984375, 'PREP': 1.7763671875, 'DET': -4.69921875, 'SVA': -4.28125}"
"Concerning accommodation, I prefer in tents to log cabins.",PREP,Preposition_Unnecessary,G,"{'G': 3.91015625, 'PREP': 1.6708984375, 'DET': -4.8515625, 'SVA': -4.14453125}"
To hear the voice from the person you love is a feeling that is hard to describe ; it's wonderful and so real. You can imagine their face clearly.,PREP,Preposition_Replacing,G,"{'G': 3.267578125, 'PREP': 2.728515625, 'DET': -4.8359375, 'SVA': -4.17578125}"
I have filled two albums about birds and flowers.,PREP,Preposition_Replacing,G,"{'G': 4.75, 'PREP': -0.263427734375, 'DET': -5.01171875, 'SVA': -3.451171875}"
I had to make the fans keep a queue.,PREP,Preposition_Missing,G,"{'G': 3.29296875, 'PREP': 1.654296875, 'DET': -6.23046875, 'SVA': -2.013671875}"
Choosing gives me such great pleasure because I never have to worry from where I get money for my wishes.,PREP,Preposition_Replacing,G,"{'G': 3.7109375, 'PREP': 2.03125, 'DET': -4.82421875, 'SVA': -4.20703125}"
They tried to contact with my parents.,PREP,Preposition_Unnecessary,G,"{'G': 3.93359375, 'PREP': 1.439453125, 'DET': -4.62890625, 'SVA': -4.125}"
When the show started the person who was acting it was not Danny Brook and the replacement didn't seem to be an actor.,PREP,Preposition_Missing,G,"{'G': 5.1796875, 'PREP': -1.810546875, 'DET': -4.67578125, 'SVA': -2.787109375}"
"Normally, I live in the seaside and I couldn't live without this sport.",PREP,Preposition_Replacing,G,"{'G': 4.41796875, 'PREP': 0.5849609375, 'DET': -5.1484375, 'SVA': -3.650390625}"
And I was really disappointed from the different actor's performance.,PREP,Preposition_Replacing,G,"{'G': 3.716796875, 'PREP': 2.072265625, 'DET': -5.0859375, 'SVA': -4.04296875}"
I'm writing to you to describe some problems with your theatre's show. First I have to say to you that there was a different actor to the one advertised starring the play.,PREP,Preposition_Missing,G,"{'G': 3.119140625, 'PREP': 2.939453125, 'DET': -4.8515625, 'SVA': -4.11328125}"
"The old man and woman tried to get her to stay their house, but they couldn't.",PREP,Preposition_Missing,G,"{'G': 3.052734375, 'PREP': 3.013671875, 'DET': -4.71875, 'SVA': -4.171875}"
We need different things than men.,PREP,Preposition_Replacing,G,"{'G': 3.853515625, 'PREP': 1.634765625, 'DET': -4.55859375, 'SVA': -4.21484375}"
Television is a good way to be informed with the news.,PREP,Preposition_Replacing,G,"{'G': 5.125, 'PREP': -2.21484375, 'DET': -4.36328125, 'SVA': -2.509765625}"
It all began when Paul went downstairs of the Heavy Sleep.,PREP,Preposition_Replacing,G,"{'G': 3.169921875, 'PREP': 2.6875, 'DET': -5.3515625, 'SVA': -3.537109375}"
I was sure that it was Pat who told to everyone.,PREP,Preposition_Unnecessary,G,"{'G': 4.12109375, 'PREP': 1.2587890625, 'DET': -5.12890625, 'SVA': -3.87890625}"
Their family could explain them how they avoid things.,PREP,Preposition_Missing,G,"{'G': 3.09765625, 'PREP': 2.552734375, 'DET': -3.462890625, 'SVA': -4.85546875}"
I was afraid that someone was near my house and wanted to get to my house.,PREP,Preposition_Replacing,G,"{'G': 3.119140625, 'PREP': 2.9453125, 'DET': -4.78515625, 'SVA': -4.16796875}"
Pat was a teacher for English as a foreign language.,PREP,Preposition_Replacing,G,"{'G': 4.7109375, 'PREP': -0.35009765625, 'DET': -4.7734375, 'SVA': -3.5703125}"
Immediately she interrupted and told to the man that she was a secret agent.,PREP,Preposition_Unnecessary,G,"{'G': 4.85546875, 'PREP': -0.59765625, 'DET': -5.09765625, 'SVA': -3.224609375}"
"To be honest, I wanted to share this feeling to someone else but I needed to keep it very secret.",PREP,Preposition_Replacing,G,"{'G': 3.951171875, 'PREP': 1.5986328125, 'DET': -4.90625, 'SVA': -4.12109375}"
That's why I wanted to write you.,PREP,Preposition_Missing,G,"{'G': 3.048828125, 'PREP': 2.837890625, 'DET': -4.4453125, 'SVA': -4.27734375}"
"As he closed his eyes, he started to travel across the dark paths of his conscience.",PREP,Preposition_Replacing,G,"{'G': 4.94140625, 'PREP': -0.8798828125, 'DET': -4.98046875, 'SVA': -3.091796875}"
For my surprise Danny Brook never appeared.,PREP,Preposition_Replacing,G,"{'G': 5.16796875, 'PREP': -1.623046875, 'DET': -4.83203125, 'SVA': -2.828125}"
He told me that he had to tell to my grandmother.,PREP,Preposition_Unnecessary,G,"{'G': 4.5859375, 'PREP': -0.0955810546875, 'DET': -4.6015625, 'SVA': -3.716796875}"
"There is not enough time to do a lot of things ; and if I want to do them, I realize that my life is devoted to my duties without leaving any time to pleasures.",PREP,Preposition_Replacing,G,"{'G': 3.28515625, 'PREP': 2.70703125, 'DET': -4.828125, 'SVA': -4.1875}"
We hadn't so many machines than they have.,PREP,Preposition_Replacing,G,"{'G': 4.125, 'PREP': 0.96728515625, 'DET': -4.421875, 'SVA': -4.14453125}"
"I'm sorry to be writing to you for such a bad thing, but my evening at your theatre wasn't as perfect as you advertised : it wasn't perfect at all!",PREP,Preposition_Replacing,G,"{'G': 3.080078125, 'PREP': 2.95703125, 'DET': -4.7734375, 'SVA': -4.15625}"
I was regretting having risked staying at the park alone.,PREP,Preposition_Replacing,G,"{'G': 4.484375, 'PREP': 0.419677734375, 'DET': -5.05859375, 'SVA': -3.654296875}"
Change wasn't common and Governments didn't invest enough money on it.,PREP,Preposition_Replacing,G,"{'G': 5.078125, 'PREP': -1.43359375, 'DET': -4.6953125, 'SVA': -3.041015625}"
All my friends were trying to keep their distance with me.,PREP,Preposition_Replacing,G,"{'G': 4.453125, 'PREP': 0.31787109375, 'DET': -4.77734375, 'SVA': -3.71875}"
She persuaded him to go to the sea to ask a lot of things for her.,PREP,Preposition_Missing,G,"{'G': 4.64453125, 'PREP': -0.12396240234375, 'DET': -4.6875, 'SVA': -3.669921875}"
"I think I told you about my plans of to join a group that helps at concerts, didn't I?",PREP,Preposition_Unnecessary,G,"{'G': 3.13671875, 'PREP': 2.921875, 'DET': -4.796875, 'SVA': -4.171875}"
"Suddenly, all my classmates applauded and smiled to me with respect.",PREP,Preposition_Replacing,G,"{'G': 5.0390625, 'PREP': -1.150390625, 'DET': -4.91796875, 'SVA': -3.060546875}"
It starts 10:00 am and finishes at 9:00 p.m.,PREP,Preposition_Missing,G,"{'G': 3.478515625, 'PREP': 2.2890625, 'DET': -5.51171875, 'SVA': -3.578125}"
Our homes should just protect us dangers from outside.,PREP,Preposition_Missing,G,"{'G': 4.8828125, 'PREP': -1.2216796875, 'DET': -3.9765625, 'SVA': -3.4765625}"
It will be a presentation of the latest fashions and about leisure and sports wear.,PREP,Preposition_Replacing,G,"{'G': 3.619140625, 'PREP': 2.111328125, 'DET': -4.62890625, 'SVA': -4.234375}"
I am looking forward to hearing the news from your group.,PREP,Preposition_Replacing,G,"{'G': 3.693359375, 'PREP': 2.109375, 'DET': -5.109375, 'SVA': -4.03515625}"
Nobody told us about the reason for these problems.,PREP,Preposition_Unnecessary,G,"{'G': 4.1328125, 'PREP': 0.4453125, 'DET': -3.62890625, 'SVA': -4.33984375}"
The advertisement of the musical said that it was going to be Danny Brook. Unfortunately there was someone else - an actor who I do not like and if I had known that he was going to be there I would not have gone to see him.,PREP,Preposition_Replacing,G,"{'G': 3.412109375, 'PREP': 2.5234375, 'DET': -4.91796875, 'SVA': -4.140625}"
"To begin with, on your advertisement you say that Danny Brooks will be starring in the show but instead there was a different actor, which made us very disappointed.",PREP,Preposition_Replacing,G,"{'G': 3.0546875, 'PREP': 2.97265625, 'DET': -4.62109375, 'SVA': -4.234375}"
A DAY OF MY LIFE,PREP,Preposition_Replacing,G,"{'G': 2.416015625, 'PREP': -0.77783203125, 'DET': -5.94921875, 'SVA': 1.8603515625}"
I'm sorry that I've taken such a long time to reply your letter because I'm really busy and I have to study harder.,PREP,Preposition_Missing,G,"{'G': 3.037109375, 'PREP': 3.03515625, 'DET': -4.76171875, 'SVA': -4.1484375}"
One of my reasons travelling to London was this theatre.,PREP,Preposition_Missing,G,"{'G': 4.046875, 'PREP': 1.4169921875, 'DET': -5.05078125, 'SVA': -3.955078125}"
"She dreamed about good friends, the time that had long passed by and she dreamed from someone who she could tell her own secrets.",PREP,Preposition_Replacing,G,"{'G': 4.15234375, 'PREP': 1.1044921875, 'DET': -4.68359375, 'SVA': -4.12109375}"
After that a being climbed out from the potato.,PREP,Preposition_Replacing,G,"{'G': 4.29296875, 'PREP': 0.68994140625, 'DET': -5.8515625, 'SVA': -3.013671875}"
In a week my classmates and teachers started to talk about me.,PREP,Preposition_Replacing,G,"{'G': 3.037109375, 'PREP': 3.033203125, 'DET': -4.875, 'SVA': -4.06640625}"
We can't listen to music at class either.,PREP,Preposition_Replacing,G,"{'G': 3.83203125, 'PREP': 1.56640625, 'DET': -4.27734375, 'SVA': -4.44140625}"
We are especially looking forward to going on the river trip to Greenwich and the sightseeing by bus.,PREP,Preposition_Missing,G,"{'G': 4.359375, 'PREP': 0.75244140625, 'DET': -5.37890625, 'SVA': -3.529296875}"
It will be relaxing to go to Greenwich in the afternoon looking though the river.,PREP,Preposition_Replacing,G,"{'G': 4.76171875, 'PREP': -0.316650390625, 'DET': -5.00390625, 'SVA': -3.4375}"
A lot of men asked her to marry with them but she always refused.,PREP,Preposition_Unnecessary,G,"{'G': 4.94140625, 'PREP': -1.17578125, 'DET': -4.46875, 'SVA': -3.232421875}"
There are a lot of folk stories in the world and there are a lot of folk stories in Estonia. I would like to tell you one of them.,PREP,Preposition_Replacing,G,"{'G': 3.171875, 'PREP': 2.857421875, 'DET': -4.671875, 'SVA': -4.26953125}"
"Regarding accommodation in log cabins would be better for me, because they are more comfortable.",PREP,Preposition_Unnecessary,G,"{'G': 3.421875, 'PREP': 2.408203125, 'DET': -4.6484375, 'SVA': -4.265625}"
Despite of this we were still looking forward to the show and Danny Brook.,PREP,Preposition_Unnecessary,G,"{'G': 3.095703125, 'PREP': 2.94140625, 'DET': -4.77734375, 'SVA': -4.1328125}"
I would like to give you a suggestion about the size in the concert rooms.,PREP,Preposition_Replacing,G,"{'G': 3.46484375, 'PREP': 2.466796875, 'DET': -4.84765625, 'SVA': -4.2265625}"
Everyone at the school knew about my love to Larry including him.,PREP,Preposition_Replacing,G,"{'G': 4.25390625, 'PREP': 0.88134765625, 'DET': -4.9609375, 'SVA': -3.826171875}"
We had fun to 5 o'clock!,PREP,Preposition_Replacing,G,"{'G': 3.943359375, 'PREP': 0.77392578125, 'DET': -3.1484375, 'SVA': -4.6796875}"
What I particularly enjoyed was meeting the famous musicians I have been dreaming seeing.,PREP,Preposition_Missing,G,"{'G': 3.3984375, 'PREP': 2.55859375, 'DET': -4.7578125, 'SVA': -4.27734375}"
I am writing with reference to your letter concerning the organization of an international student conference in Wimbledon Art College.,PREP,Preposition_Replacing,G,"{'G': 4.0234375, 'PREP': 1.4912109375, 'DET': -5.19921875, 'SVA': -3.892578125}"
"There, Jacob approaches to him slowly and tells him.",PREP,Preposition_Unnecessary,G,"{'G': 4.94140625, 'PREP': -0.87890625, 'DET': -4.86328125, 'SVA': -3.236328125}"
"regarding the accommodation, I would prefer a log cabin. I think that will be safer about all my things.",PREP,Preposition_Replacing,G,"{'G': 3.876953125, 'PREP': 1.6787109375, 'DET': -4.80078125, 'SVA': -4.1171875}"
I had quickly entered in my grandmother's room and started to get some panties.,PREP,Preposition_Unnecessary,G,"{'G': 4.73046875, 'PREP': -0.234619140625, 'DET': -5.15625, 'SVA': -3.34375}"
"My golf teacher is my father and I've only played in a practising centre, but my father and his friends say I have good talent of golf.",PREP,Preposition_Replacing,G,"{'G': 3.1640625, 'PREP': 2.8671875, 'DET': -4.71484375, 'SVA': -4.2265625}"
"The main problem I had was the actor, because he wasn't Danny Brook.",PREP,Preposition_Missing,G,"{'G': 3.79296875, 'PREP': 1.9267578125, 'DET': -5.05078125, 'SVA': -4.05859375}"
Within a week my classmates and teachers started to talk from me.,PREP,Preposition_Replacing,G,"{'G': 5.01171875, 'PREP': -1.09765625, 'DET': -5.0078125, 'SVA': -2.9921875}"
"Nowadays, we have millions styles of fashion and every single person has their own fashion.",PREP,Preposition_Missing,G,"{'G': 3.314453125, 'PREP': 2.705078125, 'DET': -4.96484375, 'SVA': -4.11328125}"
"In deep within herself, Alex knew they were lost in the middle of nowhere, but she didn't want to admit it.",PREP,Preposition_Unnecessary,G,"{'G': 3.548828125, 'PREP': 2.337890625, 'DET': -4.90625, 'SVA': -4.1953125}"
I helped a pop concert as a volunteer.,PREP,Preposition_Missing,G,"{'G': 3.19140625, 'PREP': 2.779296875, 'DET': -4.76953125, 'SVA': -4.1796875}"
Your letter encloses an application form I have to fill in with some information for the trip.,PREP,Preposition_Replacing,G,"{'G': 4.140625, 'PREP': 1.2158203125, 'DET': -5.1484375, 'SVA': -3.87109375}"
These things provide me every convenience.,PREP,Preposition_Missing,G,"{'G': 4.6796875, 'PREP': -0.85791015625, 'DET': -3.966796875, 'SVA': -3.515625}"
I used to go to camping.,PREP,Preposition_Unnecessary,G,"{'G': 4.37890625, 'PREP': 0.57763671875, 'DET': -5.1015625, 'SVA': -3.60546875}"
I'm sorry to have to write this letter For you.,PREP,Preposition_Replacing,G,"{'G': 3.2421875, 'PREP': 2.794921875, 'DET': -4.92578125, 'SVA': -4.1171875}"
I have just received your letter and I am really looking forward to going to this trip.,PREP,Preposition_Replacing,G,"{'G': 3.060546875, 'PREP': 3.017578125, 'DET': -4.8359375, 'SVA': -4.11328125}"
"To complete my sadness, the main actor was replaced by another one who I'd never heard anything from, and did not have the same talent that the one shown on the advertisement has.",PREP,Preposition_Replacing,G,"{'G': 3.154296875, 'PREP': 2.89453125, 'DET': -4.79296875, 'SVA': -4.18359375}"
"Sally, although she knew it, seemed very surprised!",PREP,Preposition_Missing,G,"{'G': 3.015625, 'PREP': 3.0, 'DET': -4.5625, 'SVA': -4.27734375}"
Although Pat is very smart and intelligent.,PREP,Preposition_Unnecessary,G,"{'G': 3.427734375, 'PREP': 2.470703125, 'DET': -4.92578125, 'SVA': -4.09765625}"
"In reply of your letter, I will try to give you some advice.",PREP,Preposition_Replacing,G,"{'G': 3.505859375, 'PREP': 2.396484375, 'DET': -4.81640625, 'SVA': -4.23046875}"
"Needless to say, that we must turn our attention to these fields.",PREP,Preposition_Unnecessary,G,"{'G': 4.7109375, 'PREP': -0.348388671875, 'DET': -4.6328125, 'SVA': -3.658203125}"
The problem is finding a shop assistant who listens your problems and can help you.,PREP,Preposition_Missing,G,"{'G': 3.279296875, 'PREP': 2.650390625, 'DET': -4.60546875, 'SVA': -4.3046875}"
"Also in weekend shopping, you can't find somewhere to sit down comfortably to have a cup of tea.",PREP,Preposition_Replacing,G,"{'G': 3.0625, 'PREP': 2.984375, 'DET': -4.76953125, 'SVA': -4.1796875}"
